Scan_Index,Domain,Bit_Name,Bit,Off_Bit,Comment
596,LO_MID_TX,LO_MID_TX_IB_QH_GM_BOT_L_BOT[5],0,0,
595,LO_MID_TX,LO_MID_TX_IB_QH_GM_BOT_L_BOT[4],0,0,
594,LO_MID_TX,LO_MID_TX_IB_QH_GM_BOT_L_BOT[3],1,0,
593,LO_MID_TX,LO_MID_TX_IB_QH_GM_BOT_L_BOT[2],0,0,
592,LO_MID_TX,LO_MID_TX_IB_QH_GM_BOT_L_BOT[1],0,0,
591,LO_MID_TX,LO_MID_TX_IB_QH_GM_BOT_L_BOT[0],0,0,
590,LO_MID_TX,LO_MID_TX_IB_QH_GM_BOT_L_TOP[5],0,0,
589,LO_MID_TX,LO_MID_TX_IB_QH_GM_BOT_L_TOP[4],0,0,
588,LO_MID_TX,LO_MID_TX_IB_QH_GM_BOT_L_TOP[3],1,0,
587,LO_MID_TX,LO_MID_TX_IB_QH_GM_BOT_L_TOP[2],0,0,
586,LO_MID_TX,LO_MID_TX_IB_QH_GM_BOT_L_TOP[1],0,0,
585,LO_MID_TX,LO_MID_TX_IB_QH_GM_BOT_L_TOP[0],0,0,
584,LO_MID_TX,LO_MID_TX_IB_THIRD_SPLIT_GM_BOT_L[5],0,0,
583,LO_MID_TX,LO_MID_TX_IB_THIRD_SPLIT_GM_BOT_L[4],0,0,
582,LO_MID_TX,LO_MID_TX_IB_THIRD_SPLIT_GM_BOT_L[3],1,0,
581,LO_MID_TX,LO_MID_TX_IB_THIRD_SPLIT_GM_BOT_L[2],0,0,
580,LO_MID_TX,LO_MID_TX_IB_THIRD_SPLIT_GM_BOT_L[1],0,0,
579,LO_MID_TX,LO_MID_TX_IB_THIRD_SPLIT_GM_BOT_L[0],0,0,
578,LO_MID_TX,LO_MID_TX_IB_DOUBLER_BOT_L[5],0,0,
577,LO_MID_TX,LO_MID_TX_IB_DOUBLER_BOT_L[4],0,0,
576,LO_MID_TX,LO_MID_TX_IB_DOUBLER_BOT_L[3],0,0,
575,LO_MID_TX,LO_MID_TX_IB_DOUBLER_BOT_L[2],1,0,
574,LO_MID_TX,LO_MID_TX_IB_DOUBLER_BOT_L[1],1,0,
573,LO_MID_TX,LO_MID_TX_IB_DOUBLER_BOT_L[0],0,0,
572,LO_MID_TX,LO_MID_TX_IB_DOUBLER_PREDRIVER_BOT_L[5],0,0,
571,LO_MID_TX,LO_MID_TX_IB_DOUBLER_PREDRIVER_BOT_L[4],0,0,
570,LO_MID_TX,LO_MID_TX_IB_DOUBLER_PREDRIVER_BOT_L[3],0,0,
569,LO_MID_TX,LO_MID_TX_IB_DOUBLER_PREDRIVER_BOT_L[2],1,0,
568,LO_MID_TX,LO_MID_TX_IB_DOUBLER_PREDRIVER_BOT_L[1],0,0,
567,LO_MID_TX,LO_MID_TX_IB_DOUBLER_PREDRIVER_BOT_L[0],0,0,
566,LO_IQ_RX,LO_IQ_RX_IB_BUF3_Q_GM_RX0[5],0,0,
565,LO_IQ_RX,LO_IQ_RX_IB_BUF3_Q_GM_RX0[4],0,0,
564,LO_IQ_RX,LO_IQ_RX_IB_BUF3_Q_GM_RX0[3],0,0,
563,LO_IQ_RX,LO_IQ_RX_IB_BUF3_Q_GM_RX0[2],1,0,
562,LO_IQ_RX,LO_IQ_RX_IB_BUF3_Q_GM_RX0[1],0,0,
561,LO_IQ_RX,LO_IQ_RX_IB_BUF3_Q_GM_RX0[0],0,0,
560,LO_IQ_RX,LO_IQ_RX_IB_BUF3_I_GM_RX0[5],0,0,
559,LO_IQ_RX,LO_IQ_RX_IB_BUF3_I_GM_RX0[4],0,0,
558,LO_IQ_RX,LO_IQ_RX_IB_BUF3_I_GM_RX0[3],0,0,
557,LO_IQ_RX,LO_IQ_RX_IB_BUF3_I_GM_RX0[2],1,0,
556,LO_IQ_RX,LO_IQ_RX_IB_BUF3_I_GM_RX0[1],0,0,
555,LO_IQ_RX,LO_IQ_RX_IB_BUF3_I_GM_RX0[0],0,0,
554,LO_IQ_RX,LO_IQ_RX_IB_BUF2_Q_GM_RX0[5],0,0,
553,LO_IQ_RX,LO_IQ_RX_IB_BUF2_Q_GM_RX0[4],0,0,
552,LO_IQ_RX,LO_IQ_RX_IB_BUF2_Q_GM_RX0[3],0,0,
551,LO_IQ_RX,LO_IQ_RX_IB_BUF2_Q_GM_RX0[2],1,0,
550,LO_IQ_RX,LO_IQ_RX_IB_BUF2_Q_GM_RX0[1],0,0,
549,LO_IQ_RX,LO_IQ_RX_IB_BUF2_Q_GM_RX0[0],0,0,
548,LO_IQ_RX,LO_IQ_RX_IB_BUF2_I_GM_RX0[5],0,0,
547,LO_IQ_RX,LO_IQ_RX_IB_BUF2_I_GM_RX0[4],0,0,
546,LO_IQ_RX,LO_IQ_RX_IB_BUF2_I_GM_RX0[3],0,0,
545,LO_IQ_RX,LO_IQ_RX_IB_BUF2_I_GM_RX0[2],1,0,
544,LO_IQ_RX,LO_IQ_RX_IB_BUF2_I_GM_RX0[1],0,0,
543,LO_IQ_RX,LO_IQ_RX_IB_BUF2_I_GM_RX0[0],0,0,
542,LO_IQ_RX,LO_IQ_RX_IB_BUF1_Q_GM_RX0[5],0,0,
541,LO_IQ_RX,LO_IQ_RX_IB_BUF1_Q_GM_RX0[4],0,0,
540,LO_IQ_RX,LO_IQ_RX_IB_BUF1_Q_GM_RX0[3],0,0,
539,LO_IQ_RX,LO_IQ_RX_IB_BUF1_Q_GM_RX0[2],1,0,
538,LO_IQ_RX,LO_IQ_RX_IB_BUF1_Q_GM_RX0[1],0,0,
537,LO_IQ_RX,LO_IQ_RX_IB_BUF1_Q_GM_RX0[0],0,0,
536,LO_IQ_RX,LO_IQ_RX_IB_BUF1_I_GM_RX0[5],0,0,
535,LO_IQ_RX,LO_IQ_RX_IB_BUF1_I_GM_RX0[4],0,0,
534,LO_IQ_RX,LO_IQ_RX_IB_BUF1_I_GM_RX0[3],0,0,
533,LO_IQ_RX,LO_IQ_RX_IB_BUF1_I_GM_RX0[2],1,0,
532,LO_IQ_RX,LO_IQ_RX_IB_BUF1_I_GM_RX0[1],0,0,
531,LO_IQ_RX,LO_IQ_RX_IB_BUF1_I_GM_RX0[0],0,0,
530,LO_IQ_TX,LO_IQ_TX_IB_BUF2_Q_GM_TX0[5],0,0,
529,LO_IQ_TX,LO_IQ_TX_IB_BUF2_Q_GM_TX0[4],0,0,
528,LO_IQ_TX,LO_IQ_TX_IB_BUF2_Q_GM_TX0[3],0,0,
527,LO_IQ_TX,LO_IQ_TX_IB_BUF2_Q_GM_TX0[2],1,0,
526,LO_IQ_TX,LO_IQ_TX_IB_BUF2_Q_GM_TX0[1],0,0,
525,LO_IQ_TX,LO_IQ_TX_IB_BUF2_Q_GM_TX0[0],0,0,
524,LO_IQ_TX,LO_IQ_TX_IB_BUF2_I_GM_TX0[5],0,0,
523,LO_IQ_TX,LO_IQ_TX_IB_BUF2_I_GM_TX0[4],0,0,
522,LO_IQ_TX,LO_IQ_TX_IB_BUF2_I_GM_TX0[3],0,0,
521,LO_IQ_TX,LO_IQ_TX_IB_BUF2_I_GM_TX0[2],1,0,
520,LO_IQ_TX,LO_IQ_TX_IB_BUF2_I_GM_TX0[1],0,0,
519,LO_IQ_TX,LO_IQ_TX_IB_BUF2_I_GM_TX0[0],0,0,
518,LO_IQ_TX,LO_IQ_TX_IB_BUF1_Q_GM_TX0[5],0,0,
517,LO_IQ_TX,LO_IQ_TX_IB_BUF1_Q_GM_TX0[4],0,0,
516,LO_IQ_TX,LO_IQ_TX_IB_BUF1_Q_GM_TX0[3],0,0,
515,LO_IQ_TX,LO_IQ_TX_IB_BUF1_Q_GM_TX0[2],1,0,
514,LO_IQ_TX,LO_IQ_TX_IB_BUF1_Q_GM_TX0[1],0,0,
513,LO_IQ_TX,LO_IQ_TX_IB_BUF1_Q_GM_TX0[0],0,0,
512,LO_IQ_TX,LO_IQ_TX_IB_BUF1_I_GM_TX0[5],0,0,
511,LO_IQ_TX,LO_IQ_TX_IB_BUF1_I_GM_TX0[4],0,0,
510,LO_IQ_TX,LO_IQ_TX_IB_BUF1_I_GM_TX0[3],0,0,
509,LO_IQ_TX,LO_IQ_TX_IB_BUF1_I_GM_TX0[2],1,0,
508,LO_IQ_TX,LO_IQ_TX_IB_BUF1_I_GM_TX0[1],0,0,
507,LO_IQ_TX,LO_IQ_TX_IB_BUF1_I_GM_TX0[0],0,0,
506,LO_FIRST,LO_FIRST_ILO_CS_BUF_EN[0],1,0,
505,LO_FIRST,LO_FIRST_VCM_ILO_CS[5],1,0,
504,LO_FIRST,LO_FIRST_VCM_ILO_CS[4],0,0,
503,LO_FIRST,LO_FIRST_VCM_ILO_CS[3],0,0,
502,LO_FIRST,LO_FIRST_VCM_ILO_CS[2],0,0,
501,LO_FIRST,LO_FIRST_VCM_ILO_CS[1],1,0,
500,LO_FIRST,LO_FIRST_VCM_ILO_CS[0],0,0,
499,LO_FIRST,LO_FIRST_ILO_INJ_BUF_EN[0],1,0,
498,LO_FIRST,LO_FIRST_VCM_ILO_INJ[5],0,0,
497,LO_FIRST,LO_FIRST_VCM_ILO_INJ[4],0,0,
496,LO_FIRST,LO_FIRST_VCM_ILO_INJ[3],1,0,
495,LO_FIRST,LO_FIRST_VCM_ILO_INJ[2],1,0,
494,LO_FIRST,LO_FIRST_VCM_ILO_INJ[1],0,0,
493,LO_FIRST,LO_FIRST_VCM_ILO_INJ[0],0,0,
492,LO_FIRST,LO_FIRST_IB_SECOND_SPLIT_RX_GM[5],0,0,
491,LO_FIRST,LO_FIRST_IB_SECOND_SPLIT_RX_GM[4],0,0,
490,LO_FIRST,LO_FIRST_IB_SECOND_SPLIT_RX_GM[3],0,0,
489,LO_FIRST,LO_FIRST_IB_SECOND_SPLIT_RX_GM[2],1,0,
488,LO_FIRST,LO_FIRST_IB_SECOND_SPLIT_RX_GM[1],0,0,
487,LO_FIRST,LO_FIRST_IB_SECOND_SPLIT_RX_GM[0],0,0,
486,LO_FIRST,LO_FIRST_IB_SECOND_SPLIT_TX_GM[5],0,0,
485,LO_FIRST,LO_FIRST_IB_SECOND_SPLIT_TX_GM[4],0,0,
484,LO_FIRST,LO_FIRST_IB_SECOND_SPLIT_TX_GM[3],0,0,
483,LO_FIRST,LO_FIRST_IB_SECOND_SPLIT_TX_GM[2],1,0,
482,LO_FIRST,LO_FIRST_IB_SECOND_SPLIT_TX_GM[1],0,0,
481,LO_FIRST,LO_FIRST_IB_SECOND_SPLIT_TX_GM[0],0,0,
480,LO_FIRST,LO_FIRST_IB_FIRST_SPLIT_GM[5],0,0,
479,LO_FIRST,LO_FIRST_IB_FIRST_SPLIT_GM[4],0,0,
478,LO_FIRST,LO_FIRST_IB_FIRST_SPLIT_GM[3],0,0,
477,LO_FIRST,LO_FIRST_IB_FIRST_SPLIT_GM[2],1,0,
476,LO_FIRST,LO_FIRST_IB_FIRST_SPLIT_GM[1],0,0,
475,LO_FIRST,LO_FIRST_IB_FIRST_SPLIT_GM[0],1,0,
474,LO_FIRST,LO_FIRST_IB_ILO_DRIVER[5],0,0,
473,LO_FIRST,LO_FIRST_IB_ILO_DRIVER[4],1,0,
472,LO_FIRST,LO_FIRST_IB_ILO_DRIVER[3],0,0,
471,LO_FIRST,LO_FIRST_IB_ILO_DRIVER[2],0,0,
470,LO_FIRST,LO_FIRST_IB_ILO_DRIVER[1],0,0,
469,LO_FIRST,LO_FIRST_IB_ILO_DRIVER[0],0,0,
468,LO_SECOND,LO_SECOND_ILO_CS_BUF_EN[0],1,0,
467,LO_SECOND,LO_SECOND_VCM_ILO_CS[5],1,0,
466,LO_SECOND,LO_SECOND_VCM_ILO_CS[4],0,0,
465,LO_SECOND,LO_SECOND_VCM_ILO_CS[3],0,0,
464,LO_SECOND,LO_SECOND_VCM_ILO_CS[2],0,0,
463,LO_SECOND,LO_SECOND_VCM_ILO_CS[1],1,0,
462,LO_SECOND,LO_SECOND_VCM_ILO_CS[0],0,0,
461,LO_SECOND,LO_SECOND_ILO_INJ_BUF_EN[0],1,0,
460,LO_SECOND,LO_SECOND_VCM_ILO_INJ[5],0,0,
459,LO_SECOND,LO_SECOND_VCM_ILO_INJ[4],0,0,
458,LO_SECOND,LO_SECOND_VCM_ILO_INJ[3],1,0,
457,LO_SECOND,LO_SECOND_VCM_ILO_INJ[2],1,0,
456,LO_SECOND,LO_SECOND_VCM_ILO_INJ[1],0,0,
455,LO_SECOND,LO_SECOND_VCM_ILO_INJ[0],0,0,
454,LO_SECOND,LO_SECOND_IB_SECOND_SPLIT_RX_GM[5],0,0,
453,LO_SECOND,LO_SECOND_IB_SECOND_SPLIT_RX_GM[4],0,0,
452,LO_SECOND,LO_SECOND_IB_SECOND_SPLIT_RX_GM[3],0,0,
451,LO_SECOND,LO_SECOND_IB_SECOND_SPLIT_RX_GM[2],1,0,
450,LO_SECOND,LO_SECOND_IB_SECOND_SPLIT_RX_GM[1],0,0,
449,LO_SECOND,LO_SECOND_IB_SECOND_SPLIT_RX_GM[0],0,0,
448,LO_SECOND,LO_SECOND_IB_SECOND_SPLIT_TX_GM[5],0,0,
447,LO_SECOND,LO_SECOND_IB_SECOND_SPLIT_TX_GM[4],0,0,
446,LO_SECOND,LO_SECOND_IB_SECOND_SPLIT_TX_GM[3],0,0,
445,LO_SECOND,LO_SECOND_IB_SECOND_SPLIT_TX_GM[2],1,0,
444,LO_SECOND,LO_SECOND_IB_SECOND_SPLIT_TX_GM[1],0,0,
443,LO_SECOND,LO_SECOND_IB_SECOND_SPLIT_TX_GM[0],0,0,
442,LO_SECOND,LO_SECOND_IB_FIRST_SPLIT_GM[5],0,0,
441,LO_SECOND,LO_SECOND_IB_FIRST_SPLIT_GM[4],0,0,
440,LO_SECOND,LO_SECOND_IB_FIRST_SPLIT_GM[3],0,0,
439,LO_SECOND,LO_SECOND_IB_FIRST_SPLIT_GM[2],1,0,
438,LO_SECOND,LO_SECOND_IB_FIRST_SPLIT_GM[1],0,0,
437,LO_SECOND,LO_SECOND_IB_FIRST_SPLIT_GM[0],1,0,
436,LO_SECOND,LO_SECOND_IB_ILO_DRIVER[5],0,0,
435,LO_SECOND,LO_SECOND_IB_ILO_DRIVER[4],1,0,
434,LO_SECOND,LO_SECOND_IB_ILO_DRIVER[3],0,0,
433,LO_SECOND,LO_SECOND_IB_ILO_DRIVER[2],0,0,
432,LO_SECOND,LO_SECOND_IB_ILO_DRIVER[1],0,0,
431,LO_SECOND,LO_SECOND_IB_ILO_DRIVER[0],0,0,
430,LO_MID_RX,LO_MID_RX_IB_QH_GM_TOP_L_BOT[5],0,0,
429,LO_MID_RX,LO_MID_RX_IB_QH_GM_TOP_L_BOT[4],0,0,
428,LO_MID_RX,LO_MID_RX_IB_QH_GM_TOP_L_BOT[3],1,0,
427,LO_MID_RX,LO_MID_RX_IB_QH_GM_TOP_L_BOT[2],0,0,
426,LO_MID_RX,LO_MID_RX_IB_QH_GM_TOP_L_BOT[1],0,0,
425,LO_MID_RX,LO_MID_RX_IB_QH_GM_TOP_L_BOT[0],0,0,
424,LO_MID_RX,LO_MID_RX_IB_QH_GM_TOP_L_TOP[5],0,0,
423,LO_MID_RX,LO_MID_RX_IB_QH_GM_TOP_L_TOP[4],0,0,
422,LO_MID_RX,LO_MID_RX_IB_QH_GM_TOP_L_TOP[3],1,0,
421,LO_MID_RX,LO_MID_RX_IB_QH_GM_TOP_L_TOP[2],0,0,
420,LO_MID_RX,LO_MID_RX_IB_QH_GM_TOP_L_TOP[1],0,0,
419,LO_MID_RX,LO_MID_RX_IB_QH_GM_TOP_L_TOP[0],0,0,
418,LO_MID_RX,LO_MID_RX_IB_THIRD_SPLIT_GM_TOP_L[5],0,0,
417,LO_MID_RX,LO_MID_RX_IB_THIRD_SPLIT_GM_TOP_L[4],0,0,
416,LO_MID_RX,LO_MID_RX_IB_THIRD_SPLIT_GM_TOP_L[3],1,0,
415,LO_MID_RX,LO_MID_RX_IB_THIRD_SPLIT_GM_TOP_L[2],0,0,
414,LO_MID_RX,LO_MID_RX_IB_THIRD_SPLIT_GM_TOP_L[1],0,0,
413,LO_MID_RX,LO_MID_RX_IB_THIRD_SPLIT_GM_TOP_L[0],0,0,
412,LO_MID_RX,LO_MID_RX_IB_DOUBLER_TOP_L[5],0,0,
411,LO_MID_RX,LO_MID_RX_IB_DOUBLER_TOP_L[4],0,0,
410,LO_MID_RX,LO_MID_RX_IB_DOUBLER_TOP_L[3],0,0,
409,LO_MID_RX,LO_MID_RX_IB_DOUBLER_TOP_L[2],1,0,
408,LO_MID_RX,LO_MID_RX_IB_DOUBLER_TOP_L[1],1,0,
407,LO_MID_RX,LO_MID_RX_IB_DOUBLER_TOP_L[0],0,0,
406,LO_MID_RX,LO_MID_RX_IB_DOUBLER_PREDRIVER_TOP_L[5],0,0,
405,LO_MID_RX,LO_MID_RX_IB_DOUBLER_PREDRIVER_TOP_L[4],0,0,
404,LO_MID_RX,LO_MID_RX_IB_DOUBLER_PREDRIVER_TOP_L[3],0,0,
403,LO_MID_RX,LO_MID_RX_IB_DOUBLER_PREDRIVER_TOP_L[2],1,0,
402,LO_MID_RX,LO_MID_RX_IB_DOUBLER_PREDRIVER_TOP_L[1],0,0,
401,LO_MID_RX,LO_MID_RX_IB_DOUBLER_PREDRIVER_TOP_L[0],0,0,
400,IREF,IREF[1],0,0,
399,IREF,IREF[0],0,0,
398,LO_IQ_VM,LO_IQ_VM_IB_BUF2_Q_GM_TX1[5],0,0,
397,LO_IQ_VM,LO_IQ_VM_IB_BUF2_Q_GM_TX1[4],0,0,
396,LO_IQ_VM,LO_IQ_VM_IB_BUF2_Q_GM_TX1[3],0,0,
395,LO_IQ_VM,LO_IQ_VM_IB_BUF2_Q_GM_TX1[2],1,0,
394,LO_IQ_VM,LO_IQ_VM_IB_BUF2_Q_GM_TX1[1],0,0,
393,LO_IQ_VM,LO_IQ_VM_IB_BUF2_Q_GM_TX1[0],0,0,
392,LO_IQ_VM,LO_IQ_VM_IB_BUF2_I_GM_TX1[5],0,0,
391,LO_IQ_VM,LO_IQ_VM_IB_BUF2_I_GM_TX1[4],0,0,
390,LO_IQ_VM,LO_IQ_VM_IB_BUF2_I_GM_TX1[3],0,0,
389,LO_IQ_VM,LO_IQ_VM_IB_BUF2_I_GM_TX1[2],1,0,
388,LO_IQ_VM,LO_IQ_VM_IB_BUF2_I_GM_TX1[1],0,0,
387,LO_IQ_VM,LO_IQ_VM_IB_BUF2_I_GM_TX1[0],0,0,
386,LO_IQ_VM,LO_IQ_VM_IB_BUF1_Q_GM_TX1[5],0,0,
385,LO_IQ_VM,LO_IQ_VM_IB_BUF1_Q_GM_TX1[4],0,0,
384,LO_IQ_VM,LO_IQ_VM_IB_BUF1_Q_GM_TX1[3],0,0,
383,LO_IQ_VM,LO_IQ_VM_IB_BUF1_Q_GM_TX1[2],1,0,
382,LO_IQ_VM,LO_IQ_VM_IB_BUF1_Q_GM_TX1[1],0,0,
381,LO_IQ_VM,LO_IQ_VM_IB_BUF1_Q_GM_TX1[0],0,0,
380,LO_IQ_VM,LO_IQ_VM_IB_BUF1_I_GM_TX1[5],0,0,
379,LO_IQ_VM,LO_IQ_VM_IB_BUF1_I_GM_TX1[4],0,0,
378,LO_IQ_VM,LO_IQ_VM_IB_BUF1_I_GM_TX1[3],0,0,
377,LO_IQ_VM,LO_IQ_VM_IB_BUF1_I_GM_TX1[2],1,0,
376,LO_IQ_VM,LO_IQ_VM_IB_BUF1_I_GM_TX1[1],0,0,
375,LO_IQ_VM,LO_IQ_VM_IB_BUF1_I_GM_TX1[0],0,0,
374,VM,VM_IB_CMIN_CTRL_I[5],0,0,
373,VM,VM_IB_CMIN_CTRL_I[4],0,0,
372,VM,VM_IB_CMIN_CTRL_I[3],0,0,
371,VM,VM_IB_CMIN_CTRL_I[2],0,0,
370,VM,VM_IB_CMIN_CTRL_I[1],0,0,
369,VM,VM_IB_CMIN_CTRL_I[0],1,1,
368,VM,VM_IB_AMP2_CTRL_I[5],0,0,
367,VM,VM_IB_AMP2_CTRL_I[4],0,0,
366,VM,VM_IB_AMP2_CTRL_I[3],0,0,
365,VM,VM_IB_AMP2_CTRL_I[2],0,0,
364,VM,VM_IB_AMP2_CTRL_I[1],0,0,
363,VM,VM_IB_AMP2_CTRL_I[0],0,0,
362,VM,VM_IB_VCM_REF_CTRL_I[5],0,0,
361,VM,VM_IB_VCM_REF_CTRL_I[4],0,0,
360,VM,VM_IB_VCM_REF_CTRL_I[3],0,0,
359,VM,VM_IB_VCM_REF_CTRL_I[2],0,0,
358,VM,VM_IB_VCM_REF_CTRL_I[1],0,0,
357,VM,VM_IB_VCM_REF_CTRL_I[0],0,0,
356,VM,VM_IB_PA_S1_CTRL_I[5],0,0,
355,VM,VM_IB_PA_S1_CTRL_I[4],0,0,
354,VM,VM_IB_PA_S1_CTRL_I[3],0,0,
353,VM,VM_IB_PA_S1_CTRL_I[2],0,0,
352,VM,VM_IB_PA_S1_CTRL_I[1],0,0,
351,VM,VM_IB_PA_S1_CTRL_I[0],0,0,
350,VM,VM_IB_PA_S2_CTRL_I[5],0,0,
349,VM,VM_IB_PA_S2_CTRL_I[4],0,0,
348,VM,VM_IB_PA_S2_CTRL_I[3],0,0,
347,VM,VM_IB_PA_S2_CTRL_I[2],0,0,
346,VM,VM_IB_PA_S2_CTRL_I[1],0,0,
345,VM,VM_IB_PA_S2_CTRL_I[0],0,0,
344,VM,VM_IB_PA_S3_CTRL_I[5],0,0,
343,VM,VM_IB_PA_S3_CTRL_I[4],0,0,
342,VM,VM_IB_PA_S3_CTRL_I[3],0,0,
341,VM,VM_IB_PA_S3_CTRL_I[2],0,0,
340,VM,VM_IB_PA_S3_CTRL_I[1],0,0,
339,VM,VM_IB_PA_S3_CTRL_I[0],0,0,
338,VM,VM_IB_CMFB_EN_IE_B[0],1,1,
337,VM,VM_IB_CMFB_EN_IE_B[1],1,1,
336,VM,VM_IDCOC_EN_IE_B[0],1,1,
335,VM,VM_IDCOC_EN_IE_B[1],1,1,
334,VM,VM_IDCOC_EN_IE_B[2],1,1,
333,VM,VM_CMFB_EN_IE[0],0,0,
332,VM,VM_DCOC_SN_IE[0],0,0,
331,VM,VM_DCOC_SP_IE[0],0,0,
330,VM,VM_gain_ctrl0_I[0],1,1,
329,VM,VM_gain_ctrl0_I[1],1,1,
328,VM,VM_gain_ctrl0_I[2],1,1,
327,VM,VM_gain_ctrl0_I[3],1,1,
326,VM,VM_gain_ctrl0_I[4],1,1,
325,VM,VM_gain_ctrl_I[0],1,1,
324,VM,VM_gain_ctrl_I[1],1,1,
323,VM,VM_gain_ctrl_I[2],1,1,
322,VM,VM_gain_ctrl_I[3],1,1,
321,VM,VM_gain_ctrl_I[4],1,1,
320,VM,VM_BVDD_tune_MID_I[0],1,1,
319,VM,VM_freq_ctrl0_I[0],1,1,
318,VM,VM_freq_ctrl0_I[1],1,1,
317,VM,VM_freq_ctrl0_I[2],1,1,
316,VM,VM_freq_ctrl0_I[3],1,1,
315,VM,VM_BVDD_tune_MSB_I[0],0,0,
314,VM,VM_DCOC_CTRL_LSB_I[0],0,0,
313,VM,VM_freq_ctrl_I[0],1,1,
312,VM,VM_freq_ctrl_I[1],1,1,
311,VM,VM_freq_ctrl_I[2],1,1,
310,VM,VM_freq_ctrl_I[3],0,0,
309,VM,VM_BVDD_tune_LSB_I[0],0,0,
308,VM,VM_VMIXER_GATE_SW_I[0],0,0,
307,VM,VM_VMIXER_GATE_SW_I[1],0,0,
306,VM,VM_VMIXER_GATE_SW_I[2],0,0,
305,VM,VM_VMIXER_GATE_SW_I[3],0,0,
304,VM,VM_VMIXER_GATE_SW_I[4],0,0,
303,VM,VM_VMIXER_BIAS_I[0],0,0,
302,VM,VM_VMIXER_BIAS_I[1],0,0,
301,VM,VM_VMIXER_BIAS_I[2],0,0,
300,VM,VM_VMIXER_BIAS_I[3],0,0,
299,VM,VM_VMIXER_BIAS_I[4],0,0,
298,VM,VM_VMIXER_BIAS_Q[4],0,0,
297,VM,VM_VMIXER_BIAS_Q[3],0,0,
296,VM,VM_VMIXER_BIAS_Q[2],0,0,
295,VM,VM_VMIXER_BIAS_Q[1],0,0,
294,VM,VM_VMIXER_BIAS_Q[0],0,0,
293,VM,VM_VMIXER_GATE_SW_Q[4],0,0,
292,VM,VM_VMIXER_GATE_SW_Q[3],0,0,
291,VM,VM_VMIXER_GATE_SW_Q[2],0,0,
290,VM,VM_VMIXER_GATE_SW_Q[1],0,0,
289,VM,VM_VMIXER_GATE_SW_Q[0],0,0,
288,VM,VM_BVDD_tune_LSB_Q[0],0,0,
287,VM,VM_freq_ctrl_Q[3],0,0,
286,VM,VM_freq_ctrl_Q[2],1,1,
285,VM,VM_freq_ctrl_Q[1],1,1,
284,VM,VM_freq_ctrl_Q[0],1,1,
283,VM,VM_DCOC_CTRL_LSB_Q[0],0,0,
282,VM,VM_BVDD_tune_MSB_Q[0],0,0,
281,VM,VM_freq_ctrl0_Q[3],1,1,
280,VM,VM_freq_ctrl0_Q[2],1,1,
279,VM,VM_freq_ctrl0_Q[1],1,1,
278,VM,VM_freq_ctrl0_Q[0],1,1,
277,VM,VM_BVDD_tune_MID_Q[0],1,1,
276,VM,VM_gain_ctrl_Q[4],1,1,
275,VM,VM_gain_ctrl_Q[3],1,1,
274,VM,VM_gain_ctrl_Q[2],1,1,
273,VM,VM_gain_ctrl_Q[1],1,1,
272,VM,VM_gain_ctrl_Q[0],1,1,
271,VM,VM_gain_ctrl0_Q[4],1,1,
270,VM,VM_gain_ctrl0_Q[3],1,1,
269,VM,VM_gain_ctrl0_Q[2],1,1,
268,VM,VM_gain_ctrl0_Q[1],1,1,
267,VM,VM_gain_ctrl0_Q[0],1,1,
266,VM,VM_DCOC_SP_QE[0],0,0,
265,VM,VM_DCOC_SN_QE[0],0,0,
264,VM,VM_CMFB_EN_QE[0],0,0,
263,VM,VM_IDCOC_EN_QE_B[2],1,1,
262,VM,VM_IDCOC_EN_QE_B[1],1,1,
261,VM,VM_IDCOC_EN_QE_B[0],1,1,
260,VM,VM_IB_CMFB_EN_QE_B[1],1,1,
259,VM,VM_IB_CMFB_EN_QE_B[0],1,1,
258,VM,VM_IB_VCM_REF_CTRL_Q[0],0,0,
257,VM,VM_IB_VCM_REF_CTRL_Q[1],0,0,
256,VM,VM_IB_VCM_REF_CTRL_Q[2],0,0,
255,VM,VM_IB_VCM_REF_CTRL_Q[3],0,0,
254,VM,VM_IB_VCM_REF_CTRL_Q[4],0,0,
253,VM,VM_IB_VCM_REF_CTRL_Q[5],0,0,
252,VM,VM_IB_AMP2_CTRL_Q[0],1,1,
251,VM,VM_IB_AMP2_CTRL_Q[1],0,0,
250,VM,VM_IB_AMP2_CTRL_Q[2],0,0,
249,VM,VM_IB_AMP2_CTRL_Q[3],0,0,
248,VM,VM_IB_AMP2_CTRL_Q[4],0,0,
247,VM,VM_IB_AMP2_CTRL_Q[5],0,0,
246,VM,VM_IB_CMIN_CTRL_Q[0],1,1,
245,VM,VM_IB_CMIN_CTRL_Q[1],0,0,
244,VM,VM_IB_CMIN_CTRL_Q[2],0,0,
243,VM,VM_IB_CMIN_CTRL_Q[3],0,0,
242,VM,VM_IB_CMIN_CTRL_Q[4],0,0,
241,VM,VM_IB_CMIN_CTRL_Q[5],0,0,
240,VM,VM_DCOC_CTRL_I[6],0,0,
239,VM,VM_DCOC_CTRL_I[5],0,0,
238,VM,VM_DCOC_CTRL_I[4],0,0,
237,VM,VM_DCOC_CTRL_I[3],0,0,
236,VM,VM_DCOC_CTRL_I[2],0,0,
235,VM,VM_DCOC_CTRL_I[1],0,0,
234,VM,VM_DCOC_CTRL_I[0],0,0,
233,VM,VM_DCOC_CTRL_Q[6],0,0,
232,VM,VM_DCOC_CTRL_Q[5],0,0,
231,VM,VM_DCOC_CTRL_Q[4],0,0,
230,VM,VM_DCOC_CTRL_Q[3],0,0,
229,VM,VM_DCOC_CTRL_Q[2],0,0,
228,VM,VM_DCOC_CTRL_Q[1],0,0,
227,VM,VM_DCOC_CTRL_Q[0],0,0,
226,RX,RX_VB_GC3_0[2],1,0,
225,RX,RX_VB_GC3_0[1],0,0,
224,RX,RX_VB_GC3_0[0],0,0,
223,RX,RX_VB_GC2_0[4],0,0,
222,RX,RX_VB_GC2_0[3],0,0,
221,RX,RX_VB_GC2_0[2],1,0,
220,RX,RX_VB_GC2_0[1],0,0,
219,RX,RX_VB_GC2_0[0],0,0,
218,RX,RX_VB_GC1_0[4],0,0,
217,RX,RX_VB_GC1_0[3],0,0,
216,RX,RX_VB_GC1_0[2],1,0,
215,RX,RX_VB_GC1_0[1],0,0,
214,RX,RX_VB_GC1_0[0],0,0,
213,RX,RX_IB_RFAMP_I_0[3],0,0,
212,RX,RX_IB_RFAMP_I_0[2],1,0,
211,RX,RX_IB_RFAMP_I_0[1],0,0,
210,RX,RX_IB_RFAMP_I_0[0],0,0,
209,RX,RX_IB_RFAMP_Q_0[3],0,0,
208,RX,RX_IB_RFAMP_Q_0[2],1,0,
207,RX,RX_IB_RFAMP_Q_0[1],0,0,
206,RX,RX_IB_RFAMP_Q_0[0],0,0,
205,RX,RX_VB_MIXER_Q_0[5],0,0,
204,RX,RX_VB_MIXER_Q_0[4],0,0,
203,RX,RX_VB_MIXER_Q_0[3],0,0,
202,RX,RX_VB_MIXER_Q_0[2],1,0,
201,RX,RX_VB_MIXER_Q_0[1],0,0,
200,RX,RX_VB_MIXER_Q_0[0],0,0,
199,RX,RX_VB_FC_Q_0[5],0,0,
198,RX,RX_VB_FC_Q_0[4],0,0,
197,RX,RX_VB_FC_Q_0[3],0,0,
196,RX,RX_VB_FC_Q_0[2],1,0,
195,RX,RX_VB_FC_Q_0[1],0,0,
194,RX,RX_VB_FC_Q_0[0],0,0,
193,RX,RX_VB_GC3_MSB1_0[0],0,0,
192,RX,RX_VB_GC4_Q_0[4],0,0,
191,RX,RX_VB_GC4_Q_0[3],0,0,
190,RX,RX_VB_GC4_Q_0[2],1,0,
189,RX,RX_VB_GC4_Q_0[1],0,0,
188,RX,RX_VB_GC4_Q_0[0],0,0,
187,RX,RX_IB_BBAMP_0[5],0,0,
186,RX,RX_IB_BBAMP_0[4],0,0,
185,RX,RX_IB_BBAMP_0[3],0,0,
184,RX,RX_IB_BBAMP_0[2],1,0,
183,RX,RX_IB_BBAMP_0[1],1,0,
182,RX,RX_IB_BBAMP_0[0],0,0,
181,RX,RX_IB_RFAMP1_0[3],0,0,
180,RX,RX_IB_RFAMP1_0[2],1,0,
179,RX,RX_IB_RFAMP1_0[1],0,0,
178,RX,RX_IB_RFAMP1_0[0],0,0,
177,RX,RX_IB_RFAMP2_0[3],0,0,
176,RX,RX_IB_RFAMP2_0[2],1,0,
175,RX,RX_IB_RFAMP2_0[1],0,0,
174,RX,RX_IB_RFAMP2_0[0],0,0,
173,RX,RX_VB_GC3_MSB0_0[0],0,0,
172,RX,RX_VB_GC4_I_0[0],0,0,
171,RX,RX_VB_GC4_I_0[1],0,0,
170,RX,RX_VB_GC4_I_0[2],1,0,
169,RX,RX_VB_GC4_I_0[3],0,0,
168,RX,RX_VB_GC4_I_0[4],0,0,
167,RX,RX_VB_FC_I_0[0],0,0,
166,RX,RX_VB_FC_I_0[1],0,0,
165,RX,RX_VB_FC_I_0[2],1,0,
164,RX,RX_VB_FC_I_0[3],0,0,
163,RX,RX_VB_FC_I_0[4],0,0,
162,RX,RX_VB_FC_I_0[5],0,0,
161,RX,RX_VB_MIXER_I_0[0],0,0,
160,RX,RX_VB_MIXER_I_0[1],0,0,
159,RX,RX_VB_MIXER_I_0[2],1,0,
158,RX,RX_VB_MIXER_I_0[3],0,0,
157,RX,RX_VB_MIXER_I_0[4],0,0,
156,RX,RX_VB_MIXER_I_0[5],0,0,
155,RX,RX_IB_CS_0[3],0,0,
154,RX,RX_IB_CS_0[2],0,0,
153,RX,RX_IB_CS_0[1],1,0,
152,RX,RX_IB_CS_0[0],0,0,
151,RX,RX_IB_CG_0[3],0,0,
150,RX,RX_IB_CG_0[2],0,0,
149,RX,RX_IB_CG_0[1],1,0,
148,RX,RX_IB_CG_0[0],0,0,
147,TX,TX_IB_CMIN_CTRL_I[5],0,0,
146,TX,TX_IB_CMIN_CTRL_I[4],0,0,
145,TX,TX_IB_CMIN_CTRL_I[3],0,0,
144,TX,TX_IB_CMIN_CTRL_I[2],0,0,
143,TX,TX_IB_CMIN_CTRL_I[1],0,0,
142,TX,TX_IB_CMIN_CTRL_I[0],1,1,
141,TX,TX_IB_AMP2_CTRL_I[5],0,0,
140,TX,TX_IB_AMP2_CTRL_I[4],0,0,
139,TX,TX_IB_AMP2_CTRL_I[3],0,0,
138,TX,TX_IB_AMP2_CTRL_I[2],0,0,
137,TX,TX_IB_AMP2_CTRL_I[1],0,0,
136,TX,TX_IB_AMP2_CTRL_I[0],0,0,
135,TX,TX_IB_VCM_REF_CTRL_I[5],0,0,
134,TX,TX_IB_VCM_REF_CTRL_I[4],0,0,
133,TX,TX_IB_VCM_REF_CTRL_I[3],0,0,
132,TX,TX_IB_VCM_REF_CTRL_I[2],0,0,
131,TX,TX_IB_VCM_REF_CTRL_I[1],0,0,
130,TX,TX_IB_VCM_REF_CTRL_I[0],0,0,
129,TX,TX_IB_PA_S1_CTRL_I[5],0,0,
128,TX,TX_IB_PA_S1_CTRL_I[4],0,0,
127,TX,TX_IB_PA_S1_CTRL_I[3],0,0,
126,TX,TX_IB_PA_S1_CTRL_I[2],0,0,
125,TX,TX_IB_PA_S1_CTRL_I[1],0,0,
124,TX,TX_IB_PA_S1_CTRL_I[0],0,0,
123,TX,TX_IB_PA_S2_CTRL_I[5],0,0,
122,TX,TX_IB_PA_S2_CTRL_I[4],0,0,
121,TX,TX_IB_PA_S2_CTRL_I[3],0,0,
120,TX,TX_IB_PA_S2_CTRL_I[2],0,0,
119,TX,TX_IB_PA_S2_CTRL_I[1],0,0,
118,TX,TX_IB_PA_S2_CTRL_I[0],0,0,
117,TX,TX_IB_PA_S3_CTRL_I[5],0,0,
116,TX,TX_IB_PA_S3_CTRL_I[4],0,0,
115,TX,TX_IB_PA_S3_CTRL_I[3],0,0,
114,TX,TX_IB_PA_S3_CTRL_I[2],0,0,
113,TX,TX_IB_PA_S3_CTRL_I[1],0,0,
112,TX,TX_IB_PA_S3_CTRL_I[0],0,0,
111,TX,TX_IB_CMFB_EN_IE_B[0],1,1,
110,TX,TX_IB_CMFB_EN_IE_B[1],1,1,
109,TX,TX_IDCOC_EN_IE_B[0],1,1,
108,TX,TX_IDCOC_EN_IE_B[1],1,1,
107,TX,TX_IDCOC_EN_IE_B[2],1,1,
106,TX,TX_CMFB_EN_IE[0],0,0,
105,TX,TX_DCOC_SN_IE[0],0,0,
104,TX,TX_DCOC_SP_IE[0],0,0,
103,TX,TX_gain_ctrl0_I[0],1,1,
102,TX,TX_gain_ctrl0_I[1],1,1,
101,TX,TX_gain_ctrl0_I[2],1,1,
100,TX,TX_gain_ctrl0_I[3],1,1,
99,TX,TX_gain_ctrl0_I[4],1,1,
98,TX,TX_gain_ctrl_I[0],1,1,
97,TX,TX_gain_ctrl_I[1],1,1,
96,TX,TX_gain_ctrl_I[2],1,1,
95,TX,TX_gain_ctrl_I[3],1,1,
94,TX,TX_gain_ctrl_I[4],1,1,
93,TX,TX_BVDD_tune_MID_I[0],1,1,
92,TX,TX_freq_ctrl0_I[0],1,1,
91,TX,TX_freq_ctrl0_I[1],1,1,
90,TX,TX_freq_ctrl0_I[2],1,1,
89,TX,TX_freq_ctrl0_I[3],1,1,
88,TX,TX_BVDD_tune_MSB_I[0],0,0,
87,TX,TX_DCOC_CTRL_LSB_I[0],0,0,
86,TX,TX_freq_ctrl_I[0],1,1,
85,TX,TX_freq_ctrl_I[1],1,1,
84,TX,TX_freq_ctrl_I[2],1,1,
83,TX,TX_freq_ctrl_I[3],0,0,
82,TX,TX_BVDD_tune_LSB_I[0],0,0,
81,TX,TX_VMIXER_GATE_SW_I[0],0,0,
80,TX,TX_VMIXER_GATE_SW_I[1],0,0,
79,TX,TX_VMIXER_GATE_SW_I[2],0,0,
78,TX,TX_VMIXER_GATE_SW_I[3],0,0,
77,TX,TX_VMIXER_GATE_SW_I[4],0,0,
76,TX,TX_VMIXER_BIAS_I[0],0,0,
75,TX,TX_VMIXER_BIAS_I[1],0,0,
74,TX,TX_VMIXER_BIAS_I[2],0,0,
73,TX,TX_VMIXER_BIAS_I[3],0,0,
72,TX,TX_VMIXER_BIAS_I[4],0,0,
71,TX,TX_VMIXER_BIAS_Q[4],0,0,
70,TX,TX_VMIXER_BIAS_Q[3],0,0,
69,TX,TX_VMIXER_BIAS_Q[2],0,0,
68,TX,TX_VMIXER_BIAS_Q[1],0,0,
67,TX,TX_VMIXER_BIAS_Q[0],0,0,
66,TX,TX_VMIXER_GATE_SW_Q[4],0,0,
65,TX,TX_VMIXER_GATE_SW_Q[3],0,0,
64,TX,TX_VMIXER_GATE_SW_Q[2],0,0,
63,TX,TX_VMIXER_GATE_SW_Q[1],0,0,
62,TX,TX_VMIXER_GATE_SW_Q[0],0,0,
61,TX,TX_BVDD_tune_LSB_Q[0],0,0,
60,TX,TX_freq_ctrl_Q[3],0,0,
59,TX,TX_freq_ctrl_Q[2],1,1,
58,TX,TX_freq_ctrl_Q[1],1,1,
57,TX,TX_freq_ctrl_Q[0],1,1,
56,TX,TX_DCOC_CTRL_LSB_Q[0],0,0,
55,TX,TX_BVDD_tune_MSB_Q[0],0,0,
54,TX,TX_freq_ctrl0_Q[3],1,1,
53,TX,TX_freq_ctrl0_Q[2],1,1,
52,TX,TX_freq_ctrl0_Q[1],1,1,
51,TX,TX_freq_ctrl0_Q[0],1,1,
50,TX,TX_BVDD_tune_MID_Q[0],1,1,
49,TX,TX_gain_ctrl_Q[4],1,1,
48,TX,TX_gain_ctrl_Q[3],1,1,
47,TX,TX_gain_ctrl_Q[2],1,1,
46,TX,TX_gain_ctrl_Q[1],1,1,
45,TX,TX_gain_ctrl_Q[0],1,1,
44,TX,TX_gain_ctrl0_Q[4],1,1,
43,TX,TX_gain_ctrl0_Q[3],1,1,
42,TX,TX_gain_ctrl0_Q[2],1,1,
41,TX,TX_gain_ctrl0_Q[1],1,1,
40,TX,TX_gain_ctrl0_Q[0],1,1,
39,TX,TX_DCOC_SP_QE[0],0,0,
38,TX,TX_DCOC_SN_QE[0],0,0,
37,TX,TX_CMFB_EN_QE[0],0,0,
36,TX,TX_IDCOC_EN_QE_B[2],1,1,
35,TX,TX_IDCOC_EN_QE_B[1],1,1,
34,TX,TX_IDCOC_EN_QE_B[0],1,1,
33,TX,TX_IB_CMFB_EN_QE_B[1],1,1,
32,TX,TX_IB_CMFB_EN_QE_B[0],1,1,
31,TX,TX_IB_VCM_REF_CTRL_Q[0],0,0,
30,TX,TX_IB_VCM_REF_CTRL_Q[1],0,0,
29,TX,TX_IB_VCM_REF_CTRL_Q[2],0,0,
28,TX,TX_IB_VCM_REF_CTRL_Q[3],0,0,
27,TX,TX_IB_VCM_REF_CTRL_Q[4],0,0,
26,TX,TX_IB_VCM_REF_CTRL_Q[5],0,0,
25,TX,TX_IB_AMP2_CTRL_Q[0],1,1,
24,TX,TX_IB_AMP2_CTRL_Q[1],0,0,
23,TX,TX_IB_AMP2_CTRL_Q[2],0,0,
22,TX,TX_IB_AMP2_CTRL_Q[3],0,0,
21,TX,TX_IB_AMP2_CTRL_Q[4],0,0,
20,TX,TX_IB_AMP2_CTRL_Q[5],0,0,
19,TX,TX_IB_CMIN_CTRL_Q[0],1,1,
18,TX,TX_IB_CMIN_CTRL_Q[1],0,0,
17,TX,TX_IB_CMIN_CTRL_Q[2],0,0,
16,TX,TX_IB_CMIN_CTRL_Q[3],0,0,
15,TX,TX_IB_CMIN_CTRL_Q[4],0,0,
14,TX,TX_IB_CMIN_CTRL_Q[5],0,0,
13,TX,TX_DCOC_CTRL_I[6],0,0,
12,TX,TX_DCOC_CTRL_I[5],0,0,
11,TX,TX_DCOC_CTRL_I[4],0,0,
10,TX,TX_DCOC_CTRL_I[3],0,0,
9,TX,TX_DCOC_CTRL_I[2],0,0,
8,TX,TX_DCOC_CTRL_I[1],0,0,
7,TX,TX_DCOC_CTRL_I[0],0,0,
6,TX,TX_DCOC_CTRL_Q[6],0,0,
5,TX,TX_DCOC_CTRL_Q[5],0,0,
4,TX,TX_DCOC_CTRL_Q[4],0,0,
3,TX,TX_DCOC_CTRL_Q[3],0,0,
2,TX,TX_DCOC_CTRL_Q[2],0,0,
1,TX,TX_DCOC_CTRL_Q[1],0,0,
0,TX,TX_DCOC_CTRL_Q[0],0,0,
